Label,# Samples,Average,Min,Max,Std. Dev.,Error %,Throughput,Received KB/sec,Sent KB/sec,Avg. Bytes
GET Posts,1,64,64,64,0.00,0.000%,15.62500,437.12,2.06,28647.0
GET Post by ID,1,31,31,31,0.00,0.000%,32.25806,44.29,4.32,1406.0
POST Post,1,326,326,326,0.00,0.000%,3.06748,3.65,0.78,1220.0
PUT Post,1,311,311,311,0.00,0.000%,3.21543,3.44,0.86,1095.0
DELETE Post,1,303,303,303,0.00,0.000%,3.30033,3.49,0.72,1083.0
TOTAL,5,207,31,326,130.86,0.000%,4.82160,31.50,0.97,6690.2
